<?xml version="1.0" encoding="utf-8" ?>
<dwsync>
<file name="My Videos.html" server="C:/Users/matlockb/Documents/Test Server/" local="132968696615361416" remote="132968696610000000" Dst="2" />
<file name="Thumbnail.PNG" server="C:/Users/matlockb/Documents/Test Server/" local="132968659103632146" remote="132968659100000000" Dst="2" />
<file name="Thumbnail2.PNG" server="C:/Users/matlockb/Documents/Test Server/" local="132968659289799053" remote="132968659280000000" Dst="2" />
<file name="Thumbnail3.PNG" server="C:/Users/matlockb/Documents/Test Server/" local="132968659641817942" remote="132968659640000000" Dst="2" />
<file name="Thumbnail4.PNG" server="C:/Users/matlockb/Documents/Test Server/" local="132968659923571925" remote="132968659920000000" Dst="2" />
<file name="Thumbnail5.PNG" server="C:/Users/matlockb/Documents/Test Server/" local="132968660103119787" remote="132968660100000000" Dst="2" />
<file name="Thumbnail6.PNG" server="C:/Users/matlockb/Documents/Test Server/" local="132968660265854934" remote="132968660260000000" Dst="2" />
<file name="Thumbnail7.PNG" server="C:/Users/matlockb/Documents/Test Server/" local="132968660538468338" remote="132968660530000000" Dst="2" />
<file name="Thumbnail8.PNG" server="C:/Users/matlockb/Documents/Test Server/" local="132968660733768323" remote="132968660730000000" Dst="2" />
<file name="Untitled-5.html" server="C:/Users/matlockb/Documents/Test Server/" local="132968666343133782" remote="132968666340000000" Dst="2" />
</dwsync>